<?xml version="1.0" encoding="utf-8"?>
<ModMetaData>
  <name>Infinite Ammo Patch</name>
  <author>Izumi</author>
  <packageId>com.infiniteammopatch.rimworld</packageId>
  <supportedVersions>
    <li>1.5</li>
  </supportedVersions>
  <description>Patches vanilla and Combat Extended to provide infinite ammo for turrets, artillery, and colonists. Configurable via mod settings.</description>
  <modDependencies>
    <li>
      <packageId>brrainz.harmony</packageId>
      <displayName>Harmony</displayName>
    </li>
  </modDependencies>
  <loadAfter>
    <li>brrainz.harmony</li>
    <li>Core</li>
    <li>ceteam.combatextended</li>

  </loadAfter>
</ModMetaData>