<?xml version="1.0" encoding="utf-8"?>
<ModMetaData>
  <name>Izumi's World</name>
  <author>Izumi</author>
  <packageId>Izumi.IzumiWorld</packageId>
  <modVersion>2.1</modVersion>
  <description>
    A collection of quality-of-life tweaks and powerful pawn enhancements, including:
    - Prevent mental breaks
    - Stop slave/prisoner escapes
    - Infinite resources
    - Instant crafting
    - Mood boosts for colonists/slaves/prisoners
    - Gear Loadouts
    - Buffs
    - Airstrike: lets you designate anywhere on the map to instantly call in an explosion, simulating a targeted airstrike.
    - Anti Item Decay
    - Anti Structure Decay
    - Stat Enhancements, Or Rimworld Of Magic, Class Buffers
  </description>
  <url>https://steamcommunity.com/sharedfiles/filedetails/?id=76561199082670609</url>
  <supportedVersions>
    <li>1.5</li>
  </supportedVersions>
  <modDependencies>
    <li>
      <packageId>brrainz.harmony</packageId>
      <displayName>Harmony</displayName>
      <steamWorkshopUrl>steam://url/CommunityFilePage/2009463077</steamWorkshopUrl>
    </li>
    <li>
      <packageId>ceteam.combatextended</packageId>
      <displayName>Combat Extended</displayName>
      <steamWorkshopUrl>steam://url/CommunityFilePage/2890901044</steamWorkshopUrl>
    </li>
    <li>
      <packageId>cp.rimmunation.2.weapons</packageId>
      <displayName>Rimmu-Nation² – Weapons Mod</displayName>
      <steamWorkshopUrl>steam://url/CommunityFilePage/2563507593</steamWorkshopUrl>
    </li>
    <li>
      <packageId>Ludeon.RimWorld.Royalty</packageId>
      <displayName>Royalty</displayName>
      <steamWorkshopUrl>steam://url/CommunityFilePage/1149643368</steamWorkshopUrl>
    </li>
    <li>
      <packageId>Ludeon.RimWorld.Biotech</packageId>
      <displayName>Biotech</displayName>
      <steamWorkshopUrl>steam://url/CommunityFilePage/2585672488</steamWorkshopUrl>
    </li>
    <li>
      <packageId>vanillaexpanded.vwe</packageId>
      <displayName>Vanilla Weapons Expanded</displayName>
      <steamWorkshopUrl>steam://url/CommunityFilePage/1814383360</steamWorkshopUrl>
    </li>
    <li>
      <packageId>oskarpotocki.vfe.mechanoid</packageId>
      <displayName>Vanilla Factions Expanded - Mechanoids</displayName>
      <steamWorkshopUrl>steam://url/CommunityFilePage/2052918119</steamWorkshopUrl>
    </li>
    <li>
      <packageId>vanillaexpanded.vfea</packageId>
      <displayName>Vanilla Factions Expanded - Ancients</displayName>
      <steamWorkshopUrl>steam://url/CommunityFilePage/2237525319</steamWorkshopUrl>
    </li>
  </modDependencies>
  <loadAfter>
    <li>brrainz.harmony</li>
    <li>Core</li>
    <li>ceteam.combatextended</li>
    <li>cp.rimmunation.2.weapons</li>
    <li>Ludeon.RimWorld.Royalty</li>
    <li>Ludeon.RimWorld.Biotech</li>
    <li>vanillaexpanded.vwe</li>
    <li>oskarpotocki.vfe.mechanoid</li>
    <li>vanillaexpanded.vfea</li>
  </loadAfter>
</ModMetaData>