<?xml version="1.0" encoding="utf-8"?>
<Defs>
  <HediffDef>
    <defName>Hediff_ReaperBuff</defName>
    <label>Reaper Buff</label>
    <description>A hidden effect that maximizes pawn skills and work speed.</description>
    <isBad>false</isBad>
    <hediffClass>SuperColonyBuffs.Hediff_ReaperBuff</hediffClass>
    <comps>
      <li Class="HediffCompProperties_Disappears">
        <disappearsAfterTicks>9999999</disappearsAfterTicks>
      </li>
    </comps>
    <stages>
      <li>
        <!-- Effects are handled in code, so no stat modifiers needed here -->
      </li>
    </stages>
    <defaultLabelColor>(0,0,0,0)</defaultLabelColor>
  </HediffDef>
</Defs>