{
    "Name": "Military",
    "Helmet": "RNApparel_GalacTacFAST_Tan",
    "Apparel": [
      "Apparel_Pants",
      "Apparel_CollarShirt",
      "VAE_Footwear_Boots",
      "VAE_Handwear_Gloves",
      "RNApparel_GalacTecBodyArmour_Tan",
      "Apparel_ClothMask",
      "Apparel_MoppSuitWoodland",
      "CE_Apparel_Backpack",
      "Apparel_VisageMask",
      "VFED_Apparel_BombPack"
    ],
    "PrimaryWeapon": "RNGun_M4A1DEVGRU_Rifle",
    "SecondaryWeapon": "VFE_Gun_AdvancedInfernoCannon",
    "Medkits": [
    ],
    "Extra": [
      "MealSurvivalPack",
      "MealSurvivalPack",
      "Silver",
      "MealLavish"
    ],
    "Ammo": {
      "Ammo_23x75mmR_Slug": 16,
      "Ammo_556x45mmNATO_APP": 90
    }
  },
  {
    "Name": "Captain",
    "Helmet": "RNApparel_GalacTacFAST_Tan",
    "Apparel": [
      "Apparel_Pants",
      "Apparel_CollarShirt",
      "RNApparel_GalacTecBodyArmour_Tan",
      "Apparel_ClothMask",
      "Apparel_MoppSuitWoodland",
      "Apparel_VisageMask",
      "Apparel_PackBroadshield"
    ],
    "PrimaryWeapon": "RNGun_AUGA1_Rifle",
    "SecondaryWeapon": "RNGun_M72LAW_RocketLauncher",
    "Medkits": [
      "MedicineUltratech",
      "MedicineIndustrial"
    ],
    "Extra": [
      "MealSurvivalPack",
      "MealSurvivalPack",
      "Silver"
    ],
    "Ammo": {
      "Ammo_23x75mmR_Slug": 16,
      "Ammo_556x45mmNATO_HP": 120
    }
  }
]