<Defs>
  <HediffDef Name="Hediff_StatEnhancer">
    <defName>Hediff_StatEnhancer</defName>
    <label>Stat Enhancer</label>
    <description>Greatly enhances the pawn's core stats, boosting consciousness, movement, manipulation, and other vital functions to extraordinary levels.</description>
    <hediffClass>SuperColonyBuffs.Hediff_StatEnhancer</hediffClass>
    <defaultLabelColor>(1, 0, 1)</defaultLabelColor>
    <isBad>false</isBad>
    <stages>
      <!-- Stage for 5x multiplier (severity 0.5) -->
      <li>
        <label>5x enhancement</label>
        <minSeverity>0.5</minSeverity>
        <capMods>
          <li>
            <capacity>Consciousness</capacity>
            <offset>5.0</offset>
          </li>
          <li>
            <capacity>Moving</capacity>
            <offset>5.0</offset>
          </li>
          <li>
            <capacity>Manipulation</capacity>
            <offset>5.0</offset>
          </li>
          <li>
            <capacity>Talking</capacity>
            <offset>5.0</offset>
          </li>
          <li>
            <capacity>Eating</capacity>
            <offset>5.0</offset>
          </li>
          <li>
            <capacity>Sight</capacity>
            <offset>5.0</offset>
          </li>
          <li>
            <capacity>Hearing</capacity>
            <offset>5.0</offset>
          </li>
          <li>
            <capacity>Breathing</capacity>
            <offset>5.0</offset>
          </li>
          <li>
            <capacity>BloodFiltration</capacity>
            <offset>5.0</offset>
          </li>
          <li>
            <capacity>BloodPumping</capacity>
            <offset>5.0</offset>
          </li>
          <li>
            <capacity>Metabolism</capacity>
            <offset>5.0</offset>
          </li>
        </capMods>
      </li>
      <!-- Stage for 10x multiplier (severity 1.0) -->
      <li>
        <label>10x enhancement</label>
        <minSeverity>1.0</minSeverity>
        <capMods>
          <li>
            <capacity>Consciousness</capacity>
            <offset>10.0</offset>
          </li>
          <li>
            <capacity>Moving</capacity>
            <offset>10.0</offset>
          </li>
          <li>
            <capacity>Manipulation</capacity>
            <offset>10.0</offset>
          </li>
          <li>
            <capacity>Talking</capacity>
            <offset>10.0</offset>
          </li>
          <li>
            <capacity>Eating</capacity>
            <offset>10.0</offset>
          </li>
          <li>
            <capacity>Sight</capacity>
            <offset>10.0</offset>
          </li>
          <li>
            <capacity>Hearing</capacity>
            <offset>10.0</offset>
          </li>
          <li>
            <capacity>Breathing</capacity>
            <offset>10.0</offset>
          </li>
          <li>
            <capacity>BloodFiltration</capacity>
            <offset>10.0</offset>
          </li>
          <li>
            <capacity>BloodPumping</capacity>
            <offset>10.0</offset>
          </li>
          <li>
            <capacity>Metabolism</capacity>
            <offset>10.0</offset>
          </li>
        </capMods>
      </li>
      <!-- Stage for 15x multiplier (severity 1.5) -->
      <li>
        <label>15x enhancement</label>
        <minSeverity>1.5</minSeverity>
        <capMods>
          <li>
            <capacity>Consciousness</capacity>
            <offset>15.0</offset>
          </li>
          <li>
            <capacity>Moving</capacity>
            <offset>15.0</offset>
          </li>
          <li>
            <capacity>Manipulation</capacity>
            <offset>15.0</offset>
          </li>
          <li>
            <capacity>Talking</capacity>
            <offset>15.0</offset>
          </li>
          <li>
            <capacity>Eating</capacity>
            <offset>15.0</offset>
          </li>
          <li>
            <capacity>Sight</capacity>
            <offset>15.0</offset>
          </li>
          <li>
            <capacity>Hearing</capacity>
            <offset>15.0</offset>
          </li>
          <li>
            <capacity>Breathing</capacity>
            <offset>15.0</offset>
          </li>
          <li>
            <capacity>BloodFiltration</capacity>
            <offset>15.0</offset>
          </li>
          <li>
            <capacity>BloodPumping</capacity>
            <offset>15.0</offset>
          </li>
          <li>
            <capacity>Metabolism</capacity>
            <offset>15.0</offset>
          </li>
        </capMods>
      </li>
    </stages>
  </HediffDef>
</Defs>