<?xml version="1.0" encoding="utf-8"?>
<Defs>
  <HediffDef>
    <defName>Hediff_SuperBuff</defName>
    <label>Super Buff</label>
    <description>A hidden effect that maximizes pawn needs.</description>
    <isBad>false</isBad>
    <hediffClass>HediffWithComps</hediffClass>
    <comps>
      <li Class="HediffCompProperties_Disappears">
        <disappearsAfterTicks>9999999</disappearsAfterTicks>
      </li>
    </comps>
    <stages>
      <li>
        <!-- No statOffsets; needs are handled in BuffController.cs -->
      </li>
    </stages>
    <defaultLabelColor>(0,0,0,0)</defaultLabelColor>
  </HediffDef>
</Defs>